column,description
order_id,Unique order identifier (int).
order_date_key,Foreign key -> dim_date.date_key (YYYYMMDD).
order_time,"Order datetime. Mixed formats introduced (ISO, dd/mm/YYYY, 'Jan 01, 2022 01:23 PM') and some 'UNKNOWN' values."
customer_id,Foreign key -> dim_customers.customer_id. Some NULLs (guest orders).
product_id,Foreign key -> dim_products.product_id.
store_id,Foreign key -> dim_stores.store_id. For online orders 'ONLINE' used. Some rows duplicated intentionally.
sales_channel,Sales channel; mixed casing and trailing spaces introduced for cleaning tasks.
payment_type,Payment type; trailing spaces introduced in some rows.
quantity,Quantity ordered. Some zero values injected (bad data).
unit_price,Unit selling price. A few negative values injected to simulate data errors.
discount_pct,Discount applied (%) — zero if none.
tax,Tax amount applied.
shipping_cost,Shipping charge applied.
total_amount,Final amount. Returns encoded as negative totals (returned=1).
promo_id,Promotional campaign id if applicable.
coupon_code,Coupon code used (if any).
returned,"1 if returned, 0 otherwise."
return_reason,Text reason for returns (if returned).
delivery_date,Expected delivery/completion date. A few future-dated errors inserted.
device,Device used for order (Desktop/Mobile/Tablet/POS).
data_quality_notes,"Dataset contains duplicates (~2%), missing values (~1% guest customers), malformed datetimes, negative prices, zero quantities, trailing spaces and inconsistent casing to enable data cleaning exercises."
