store_id,store_name,region,city,state,store_type,opening_date
S0001,SuperMart 1,East,Delhi,DL,Outlet,2017-07-03
S0002,SuperMart 2,Central,Bengaluru,KA,Flagship,2021-08-15
S0003,SuperMart 3,North,Pune,PN,Flagship,2017-06-14
S0004,ShopEase 4,Central,Kolkata,WB,Flagship,2021-04-17
S0005,ShopEase 5,West,Kolkata,WB,Outlet,2020-01-14
S0006,RetailHub 6,North,Lucknow,UP,Outlet,2022-10-30
S0007,RetailHub 7,East,Pune,PN,Outlet,2017-05-31
S0008,SuperMart 8,North,Hyderabad,TG,Airport,2016-02-01
S0009,RetailHub 9,Central,Hyderabad,TG,Mall Kiosk,2015-06-27
S0010,ShopEase 10,North,Jaipur,RJ,Airport,2015-11-19
S0011,RetailHub 11,Central,Ahmedabad,GJ,Mall Kiosk,2021-06-22
S0012,SuperMart 12,North,Kolkata,WB,Outlet,2018-03-31
S0013,MegaStore 13,North,Delhi,DL,Airport,2018-02-12
S0014,RetailHub 14,South,Jaipur,RJ,Mall Kiosk,2018-12-26
S0015,RetailHub 15,North,Kolkata,WB,Online Only,2022-02-13
S0016,ShopEase 16,South,Bengaluru,KA,Outlet,2020-03-08
S0017,RetailHub 17,Central,Pune,PN,Outlet,2022-09-05
S0018,SuperMart 18,South,Hyderabad,TG,Flagship,2018-07-16
S0019,RetailHub 19,North,Pune,PN,Outlet,2021-05-12
S0020,MegaStore 20,West,Hyderabad,TG,Airport,2022-03-18
S0021,MegaStore 21,East,Jaipur,RJ,Outlet,2017-10-07
S0022,ShopEase 22,East,Ahmedabad,GJ,Online Only,2019-10-21
S0023,BuyMore 23,East,Lucknow,UP,Outlet,2016-07-20
S0024,BuyMore 24,North,Ahmedabad,GJ,Flagship,2016-03-25
S0025,MegaStore 25,West,Bengaluru,KA,Online Only,2015-09-18
S0026,BuyMore 26,Central,Pune,PN,Airport,2020-12-07
S0027,ShopEase 27,North,Chennai,TN,Flagship,2022-08-24
S0028,RetailHub 28,East,Ahmedabad,GJ,Flagship,2018-04-17
S0029,MegaStore 29,West,Pune,PN,Flagship,2023-02-05
S0030,ShopEase 30,South,Chennai,TN,Online Only,2016-03-11
S0031,ShopEase 31,Central,Chennai,TN,Outlet,2016-09-18
S0032,MegaStore 32,Central,Hyderabad,TG,Online Only,2015-01-03
S0033,RetailHub 33,West,Lucknow,UP,Flagship,2016-04-03
S0034,RetailHub 34,South,Hyderabad,TG,Flagship,2017-09-13
S0035,SuperMart 35,North,Lucknow,UP,Airport,2015-10-11
S0036,MegaStore 36,South,Ahmedabad,GJ,Airport,2021-03-01
S0037,RetailHub 37,Central,Bengaluru,KA,Online Only,2019-09-30
S0038,ShopEase 38,South,Kolkata,WB,Mall Kiosk,2019-06-23
S0039,BuyMore 39,Central,Hyderabad,TG,Airport,2016-05-10
S0040,MegaStore 40,North,Kolkata,WB,Mall Kiosk,2015-03-28
S0041,ShopEase 41,South,Lucknow,UP,Online Only,2017-06-21
S0042,SuperMart 42,North,Mumbai,MH,Outlet,2015-10-04
S0043,RetailHub 43,North,Mumbai,MH,Online Only,2017-09-01
S0044,BuyMore 44,South,Chennai,TN,Online Only,2016-06-25
S0045,ShopEase 45,West,Lucknow,UP,Outlet,2020-04-21
S0046,MegaStore 46,North,Pune,PN,Flagship,2022-05-23
S0047,RetailHub 47,West,Pune,PN,Airport,2020-03-27
S0048,SuperMart 48,North,Mumbai,MH,Airport,2023-03-02
S0049,SuperMart 49,South,Hyderabad,TG,Outlet,2017-02-18
S0050,BuyMore 50,South,Ahmedabad,GJ,Airport,2017-01-21
S0051,BuyMore 51,South,Chennai,TN,Flagship,2019-12-21
S0052,SuperMart 52,North,Ahmedabad,GJ,Online Only,2015-03-02
S0053,MegaStore 53,South,Delhi,DL,Airport,2020-06-12
S0054,MegaStore 54,West,Jaipur,RJ,Flagship,2016-11-05
S0055,SuperMart 55,West,Pune,PN,Mall Kiosk,2020-02-07
S0056,BuyMore 56,Central,Chennai,TN,Airport,2016-09-26
S0057,RetailHub 57,South,Kolkata,WB,Flagship,2021-06-30
S0058,SuperMart 58,East,Ahmedabad,GJ,Flagship,2015-07-25
S0059,BuyMore 59,Central,Lucknow,UP,Online Only,2016-10-06
S0060,ShopEase 60,North,Mumbai,MH,Outlet,2015-10-08
S0061,SuperMart 61,South,Lucknow,UP,Airport,2016-05-06
S0062,MegaStore 62,Central,Lucknow,UP,Online Only,2015-06-12
S0063,SuperMart 63,West,Lucknow,UP,Online Only,2021-05-04
S0064,RetailHub 64,East,Ahmedabad,GJ,Outlet,2022-07-06
S0065,MegaStore 65,East,Hyderabad,TG,Airport,2016-06-20
S0066,BuyMore 66,East,Chennai,TN,Flagship,2015-02-08
S0067,ShopEase 67,Central,Jaipur,RJ,Flagship,2015-10-28
S0068,MegaStore 68,Central,Ahmedabad,GJ,Mall Kiosk,2016-06-26
S0069,SuperMart 69,South,Hyderabad,TG,Mall Kiosk,2018-03-13
S0070,BuyMore 70,Central,Bengaluru,KA,Mall Kiosk,2021-11-10
S0071,SuperMart 71,Central,Ahmedabad,GJ,Mall Kiosk,2022-06-10
S0072,MegaStore 72,East,Delhi,DL,Flagship,2016-03-14
S0073,MegaStore 73,East,Ahmedabad,GJ,Mall Kiosk,2021-10-13
S0074,RetailHub 74,South,Kolkata,WB,Mall Kiosk,2020-09-01
S0075,RetailHub 75,North,Jaipur,RJ,Flagship,2022-02-11
S0076,RetailHub 76,North,Pune,PN,Flagship,2018-09-28
S0077,RetailHub 77,South,Bengaluru,KA,Airport,2021-03-09
S0078,ShopEase 78,North,Pune,PN,Flagship,2015-11-05
S0079,ShopEase 79,North,Bengaluru,KA,Mall Kiosk,2021-07-13
S0080,MegaStore 80,West,Ahmedabad,GJ,Outlet,2015-06-21
S0081,RetailHub 81,North,Chennai,TN,Mall Kiosk,2017-05-10
S0082,SuperMart 82,East,Kolkata,WB,Online Only,2019-07-23
S0083,MegaStore 83,South,Lucknow,UP,Outlet,2016-12-26
S0084,SuperMart 84,South,Pune,PN,Mall Kiosk,2019-08-14
S0085,RetailHub 85,South,Kolkata,WB,Flagship,2019-04-16
S0086,BuyMore 86,South,Mumbai,MH,Outlet,2020-02-29
S0087,RetailHub 87,South,Hyderabad,TG,Outlet,2015-04-07
S0088,BuyMore 88,East,Kolkata,WB,Mall Kiosk,2015-10-12
S0089,RetailHub 89,Central,Chennai,TN,Airport,2022-08-15
S0090,RetailHub 90,North,Ahmedabad,GJ,Flagship,2017-12-05
S0091,ShopEase 91,East,Bengaluru,KA,Flagship,2016-03-20
S0092,BuyMore 92,East,Lucknow,UP,Mall Kiosk,2019-11-23
S0093,ShopEase 93,North,Lucknow,UP,Airport,2021-06-19
S0094,RetailHub 94,North,Kolkata,WB,Airport,2015-01-07
S0095,ShopEase 95,South,Ahmedabad,GJ,Mall Kiosk,2019-11-02
S0096,RetailHub 96,Central,Delhi,DL,Mall Kiosk,2022-06-10
S0097,RetailHub 97,Central,Delhi,DL,Mall Kiosk,2022-06-24
S0098,RetailHub 98,West,Pune,PN,Mall Kiosk,2021-03-20
S0099,MegaStore 99,West,Bengaluru,KA,Airport,2022-08-06
S0100,ShopEase 100,Central,Bengaluru,KA,Mall Kiosk,2019-07-22
S0101,SuperMart 101,East,Ahmedabad,GJ,Mall Kiosk,2017-05-10
S0102,ShopEase 102,Central,Pune,PN,Mall Kiosk,2020-03-19
S0103,BuyMore 103,South,Jaipur,RJ,Online Only,2020-04-22
S0104,SuperMart 104,East,Bengaluru,KA,Online Only,2022-06-12
S0105,RetailHub 105,North,Lucknow,UP,Outlet,2022-07-18
S0106,MegaStore 106,South,Chennai,TN,Outlet,2015-04-11
S0107,MegaStore 107,West,Mumbai,MH,Online Only,2015-10-26
S0108,BuyMore 108,Central,Jaipur,RJ,Outlet,2023-01-21
S0109,BuyMore 109,West,Pune,PN,Outlet,2016-08-27
S0110,SuperMart 110,West,Mumbai,MH,Outlet,2016-12-21
S0111,BuyMore 111,North,Ahmedabad,GJ,Online Only,2017-10-17
S0112,BuyMore 112,South,Delhi,DL,Airport,2022-06-27
S0113,ShopEase 113,Central,Ahmedabad,GJ,Mall Kiosk,2019-12-18
S0114,ShopEase 114,West,Lucknow,UP,Online Only,2020-01-01
S0115,BuyMore 115,West,Bengaluru,KA,Mall Kiosk,2017-10-09
S0116,ShopEase 116,West,Chennai,TN,Outlet,2018-01-29
S0117,SuperMart 117,East,Jaipur,RJ,Outlet,2018-01-17
S0118,RetailHub 118,Central,Hyderabad,TG,Flagship,2016-07-20
S0119,MegaStore 119,West,Bengaluru,KA,Outlet,2022-12-03
S0120,SuperMart 120,West,Kolkata,WB,Airport,2018-09-17
S0121,BuyMore 121,West,Ahmedabad,GJ,Flagship,2017-04-27
S0122,BuyMore 122,Central,Pune,PN,Flagship,2021-06-16
S0123,BuyMore 123,North,Pune,PN,Mall Kiosk,2018-05-08
S0124,BuyMore 124,Central,Pune,PN,Online Only,2021-10-06
S0125,BuyMore 125,South,Kolkata,WB,Mall Kiosk,2019-11-21
S0126,SuperMart 126,West,Jaipur,RJ,Mall Kiosk,2022-07-02
S0127,MegaStore 127,West,Pune,PN,Outlet,2021-12-23
S0128,SuperMart 128,West,Ahmedabad,GJ,Online Only,2021-04-30
S0129,SuperMart 129,West,Mumbai,MH,Outlet,2020-03-06
S0130,SuperMart 130,East,Bengaluru,KA,Airport,2018-09-02
S0131,BuyMore 131,East,Kolkata,WB,Mall Kiosk,2019-04-02
S0132,BuyMore 132,East,Chennai,TN,Flagship,2020-04-10
S0133,ShopEase 133,North,Mumbai,MH,Mall Kiosk,2017-07-07
S0134,SuperMart 134,North,Delhi,DL,Outlet,2017-03-27
S0135,ShopEase 135,South,Mumbai,MH,Outlet,2016-06-01
S0136,SuperMart 136,Central,Jaipur,RJ,Outlet,2020-03-19
S0137,RetailHub 137,South,Chennai,TN,Online Only,2021-10-23
S0138,MegaStore 138,East,Delhi,DL,Flagship,2021-06-28
S0139,RetailHub 139,Central,Mumbai,MH,Airport,2019-06-13
S0140,SuperMart 140,Central,Kolkata,WB,Outlet,2016-02-22
S0141,ShopEase 141,North,Chennai,TN,Online Only,2015-06-18
S0142,ShopEase 142,West,Hyderabad,TG,Mall Kiosk,2015-10-10
S0143,RetailHub 143,North,Ahmedabad,GJ,Airport,2020-06-30
S0144,BuyMore 144,East,Delhi,DL,Airport,2022-12-07
S0145,BuyMore 145,South,Bengaluru,KA,Online Only,2022-04-18
S0146,ShopEase 146,Central,Chennai,TN,Airport,2020-03-19
S0147,ShopEase 147,East,Pune,PN,Mall Kiosk,2017-10-02
S0148,RetailHub 148,West,Delhi,DL,Outlet,2020-03-18
S0149,ShopEase 149,West,Lucknow,UP,Mall Kiosk,2015-04-28
S0150,RetailHub 150,South,Jaipur,RJ,Airport,2017-05-18
S0151,RetailHub 151,East,Hyderabad,TG,Mall Kiosk,2021-09-07
S0152,ShopEase 152,North,Chennai,TN,Online Only,2017-02-21
S0153,MegaStore 153,West,Delhi,DL,Airport,2021-03-24
S0154,BuyMore 154,West,Kolkata,WB,Airport,2015-03-12
S0155,RetailHub 155,South,Delhi,DL,Airport,2022-10-04
S0156,RetailHub 156,Central,Kolkata,WB,Mall Kiosk,2020-04-22
S0157,ShopEase 157,East,Ahmedabad,GJ,Airport,2021-03-04
S0158,RetailHub 158,West,Hyderabad,TG,Mall Kiosk,2018-06-09
S0159,MegaStore 159,North,Chennai,TN,Outlet,2018-07-16
S0160,ShopEase 160,South,Delhi,DL,Outlet,2017-06-05
S0161,RetailHub 161,Central,Jaipur,RJ,Online Only,2021-09-10
S0162,SuperMart 162,South,Chennai,TN,Mall Kiosk,2017-07-20
S0163,MegaStore 163,East,Hyderabad,TG,Flagship,2022-12-10
S0164,MegaStore 164,East,Ahmedabad,GJ,Flagship,2015-08-12
S0165,RetailHub 165,South,Ahmedabad,GJ,Airport,2016-02-25
S0166,ShopEase 166,East,Mumbai,MH,Airport,2020-05-14
S0167,RetailHub 167,South,Jaipur,RJ,Flagship,2017-10-31
S0168,SuperMart 168,North,Jaipur,RJ,Airport,2020-07-07
S0169,ShopEase 169,North,Delhi,DL,Outlet,2016-09-03
S0170,RetailHub 170,North,Lucknow,UP,Outlet,2016-04-30
S0171,BuyMore 171,Central,Ahmedabad,GJ,Online Only,2021-12-08
S0172,ShopEase 172,West,Kolkata,WB,Airport,2019-12-19
S0173,ShopEase 173,West,Chennai,TN,Mall Kiosk,2021-05-18
S0174,SuperMart 174,Central,Lucknow,UP,Flagship,2017-05-01
S0175,RetailHub 175,North,Kolkata,WB,Outlet,2017-09-09
S0176,ShopEase 176,North,Bengaluru,KA,Outlet,2015-01-11
S0177,BuyMore 177,Central,Pune,PN,Airport,2018-04-07
S0178,MegaStore 178,East,Mumbai,MH,Mall Kiosk,2022-11-19
S0179,SuperMart 179,South,Jaipur,RJ,Mall Kiosk,2022-01-04
S0180,MegaStore 180,West,Lucknow,UP,Flagship,2021-02-08
S0181,MegaStore 181,East,Kolkata,WB,Outlet,2015-10-20
S0182,MegaStore 182,East,Mumbai,MH,Online Only,2021-05-20
S0183,BuyMore 183,North,Chennai,TN,Airport,2022-09-21
S0184,BuyMore 184,East,Chennai,TN,Online Only,2021-01-20
S0185,BuyMore 185,North,Jaipur,RJ,Online Only,2015-06-13
S0186,RetailHub 186,Central,Pune,PN,Mall Kiosk,2015-04-16
S0187,MegaStore 187,Central,Delhi,DL,Online Only,2015-03-26
S0188,ShopEase 188,North,Chennai,TN,Outlet,2020-04-11
S0189,BuyMore 189,East,Ahmedabad,GJ,Outlet,2021-07-25
S0190,BuyMore 190,North,Pune,PN,Airport,2018-11-26
S0191,RetailHub 191,East,Pune,PN,Flagship,2016-10-20
S0192,BuyMore 192,West,Hyderabad,TG,Mall Kiosk,2022-06-06
S0193,ShopEase 193,North,Pune,PN,Airport,2015-12-27
S0194,RetailHub 194,East,Hyderabad,TG,Flagship,2019-07-14
S0195,SuperMart 195,Central,Ahmedabad,GJ,Airport,2019-08-20
S0196,MegaStore 196,Central,Mumbai,MH,Mall Kiosk,2021-12-25
S0197,BuyMore 197,North,Jaipur,RJ,Outlet,2017-12-29
S0198,MegaStore 198,East,Ahmedabad,GJ,Airport,2022-10-31
S0199,SuperMart 199,North,Jaipur,RJ,Online Only,2017-09-07
S0200,RetailHub 200,Central,Bengaluru,KA,Flagship,2021-03-12
